schema:materialExtent,schema:name,schema:address,schema:identifier,schema:addressLocality,schema:name...18
10.3,McGuane Park,"2901 S Poplar Ave Chicago, IL 60608",Chicago_Park_2,1881,Ward 11
9.05,Armour Square Park,"3309 S Shields Ave Chicago, IL 60616",Chicago_Park_3,1881,Ward 11
11.31,Fuller Park,"331 W 45th St Chicago, IL 60609",Chicago_Park_4,1861,Ward 3
8.8,Cornell Square Park,"1809 W 50th St Chicago, IL 60609",Chicago_Park_5,1884,Ward 20
10.05,Russell Square Park,"3045 E 83rd St Chicago, IL 60617",Chicago_Park_6,1891,Ward 10
57.69,Sherman Park,"1307 W 52nd St Chicago, IL 60609",Chicago_Park_7,1884,Ward 20
57.04,Ogden Park,"6500 S Racine Ave Chicago, IL 60636",Chicago_Park_8,1863,Ward 17
28.94,Hamilton Park,"513 W 72nd St Chicago, IL 60621",Chicago_Park_9,1902,Ward 6
315.63,Marquette Park,"6734 S Kedzie Ave Chicago, IL 60629",Chicago_Park_10,1863,Ward 17
181.29,Calumet Park,"9801 S Avenue G Chicago, IL 60617",Chicago_Park_11,1891,Ward 10
20.27,Bessemer Park,"8930 S Muskegon Ave Chicago, IL 60617",Chicago_Park_12,1883,Ward 7
38.44,Palmer Park,"200 E 111th St Chicago, IL 60628",Chicago_Park_13,1870,Ward 9
8.91,Davis (Nathan) Square Park,"4430 S Marshfield Ave Chicago, IL 60609",Chicago_Park_14,1904,Ward 15
18.89,Grand Crossing Park,"7655 S Ingleside Ave Chicago, IL 60619",Chicago_Park_15,1907,Ward 8
18.04,Trumbull Park,"2400 E 105th St Chicago, IL 60617",Chicago_Park_16,1883,Ward 7
18.86,Mann Park,"3035 E 130th St Chicago, IL 60633",Chicago_Park_17,1891,Ward 10
18.7,Tuley Park,"501 E 90th Pl Chicago, IL 60619",Chicago_Park_18,1870,Ward 9
551.52,Jackson (Andrew) Park,"6401 S Stony Island Ave Chicago, IL 60637",Chicago_Park_19,1866,Ward 5
350.49,Washington (George) Park,"5531 S Dr Martin Luther King J Chicago, IL 60637",Chicago_Park_21,NA,NA
26.5,Gage Park,"2415 W 55th St Chicago, IL 60629",Chicago_Park_22,NA,NA
72.09,McKinley Park,"2210 W Pershing Rd Chicago, IL 60609",Chicago_Park_23,1871,Ward 12
295.45,Grant Park,"331 E Randolph St Chicago, IL 60605",Chicago_Park_24,NA,NA
25.2,Foster Park,"1400 W 84th St Chicago, IL 60620",Chicago_Park_26,1878,Ward 21
657.83,Burnham Park,"425 E Mcfetridge Dr Chicago, IL 60616",Chicago_Park_27,NA,NA
27.71,Avalon Park,"1215 E 83rd St Chicago, IL 60619",Chicago_Park_29,1907,Ward 8
14.3,Rainey Park,"4350 W 79th St Chicago, IL 60652",Chicago_Park_33,1875,Ward 18
117.96,Northerly Island Park,"1400 S Lynn White Dr Chicago, IL 60605",Chicago_Park_34,1882,Ward 4
38.24,Gompers Park,"4222 W Foster Ave Chicago, IL 60630",Chicago_Park_40,1899,Ward 39
17.82227698,Field Park,"5100 N Ridgeway Ave Chicago, IL 60625",Chicago_Park_41,1899,Ward 39
1.55,Kiwanis Park,"3315 W Carmen Ave Chicago, IL 60625",Chicago_Park_42,1899,Ward 39
16.72,Ada Park,"11250 S Ada St Chicago, IL 60643",Chicago_Park_45,1859,Ward 34
1.65,Bohn Park,"1978 W 111th St Chicago, IL 60643",Chicago_Park_46,1885,Ward 19
5.97,Crescent Park,"2230 W 108th Pl Chicago, IL 60643",Chicago_Park_47,1885,Ward 19
18.48,Kennedy Park,"11320 S Western Ave Chicago, IL 60655",Chicago_Park_48,1885,Ward 19
3.68,Prospect Gardens Park,"10970 S Prospect Ave Chicago, IL 60643",Chicago_Park_49,1885,Ward 19
0.74,Almond Park,"2234 W 115th St Chicago, IL 60643",Chicago_Park_50,1885,Ward 19
1.61,Monument Park,"6700 N Avondale Ave Chicago, IL 60631",Chicago_Park_57,1865,Ward 41
19.47,Oriole Park,"5430 N Olcott Ave Chicago, IL 60656",Chicago_Park_59,1865,Ward 41
9.75,Olympia Park,"6566 N Avondale Ave Chicago, IL 60631",Chicago_Park_60,1865,Ward 41
9.42,Brooks (Oscar) Park,"7046 N Harlem Ave Chicago, IL 60631",Chicago_Park_61,1865,Ward 41
0.83,Edison Park,"6755 N Northwest Hwy Chicago, IL 60631",Chicago_Park_62,1865,Ward 41
12.33,Fernwood Park,"10436 S Wallace St Chicago, IL 60628",Chicago_Park_65,1859,Ward 34
6.47,Euclid Park,"9800 S Parnell Ave Chicago, IL 60628",Chicago_Park_66,1859,Ward 34
0.42,Forest Glen Park,"5073 W Berwyn Ave Chicago, IL 60630",Chicago_Park_70,1899,Ward 39
7.2,Hollywood Park,"3312 W Thorndale Ave Chicago, IL 60659",Chicago_Park_75,1899,Ward 39
4.35,Athletic Field Park,"3546 W Addison St Chicago, IL 60618",Chicago_Park_80,1903,Ward 35
1.31,Avondale Park,"3516 W School St Chicago, IL 60618",Chicago_Park_81,1903,Ward 35
2.8,Jensen Park,"4600 N Lawndale Ave Chicago, IL 60625",Chicago_Park_82,1903,Ward 35
8.82,Independence Park,"3945 N Springfield Ave Chicago, IL 60618",Chicago_Park_83,1886,Ward 45
12.08,Kilbourn Park,"3501 N Kilbourn Ave Chicago, IL 60641",Chicago_Park_84,1895,Ward 30
1.03,Kolmar Park,"4143 N Kolmar Ave Chicago, IL 60641",Chicago_Park_85,1886,Ward 45
3,Mayfair Park,"4550 W Sunnyside Ave Chicago, IL 60630",Chicago_Park_86,1899,Ward 39
0.33,North Mayfair Park,"4537 W Carmen Ave Chicago, IL 60630",Chicago_Park_90,1899,Ward 39
3.07,Rosedale Park,"6312 W Rosedale Ave Chicago, IL 60646",Chicago_Park_91,1886,Ward 45
1.73,Gladstone Park,"5421 N Menard Ave Chicago, IL 60630",Chicago_Park_93,1886,Ward 45
7.96,Jefferson (Thomas) Memorial Park,"4822 N Long Ave Chicago, IL 60630",Chicago_Park_94,1886,Ward 45
4.53,Roberts Square Park,"5230 W Argyle St Chicago, IL 60630",Chicago_Park_95,1886,Ward 45
1209.98,Lincoln Park,"200 W Fullerton Pkwy Chicago, IL 60614",Chicago_Park_100,NA,NA
4.93,Chase Park,"4725 N Ashland Av Chicago, IL 60640",Chicago_Park_103,1874,Ward 47
2.68,Emmerson Park,"1820 W Granville Ave Chicago, IL 60660",Chicago_Park_104,1906,Ward 40
0.61,Goudy Square Park,"1255 N Astor St Chicago, IL 60610",Chicago_Park_105,1898,Ward 43
9.08,Hamlin Park,"3035 N Hoyne Ave Chicago, IL 60618",Chicago_Park_106,1887,Ward 32
7.2,Lake Shore Park,"254 E Chicago Ave Chicago, IL 60611",Chicago_Park_107,1894,Ward 2
8.73,Seward Park,"375 W Elm St Chicago, IL 60610",Chicago_Park_108,1905,Ward 27
6.74,Stanton Park,"640 W Scott St Chicago, IL 60610",Chicago_Park_109,1905,Ward 27
15.97,Welles Park,"2333 W Sunnyside Ave Chicago, IL 60625",Chicago_Park_110,1874,Ward 47
40.54,Loyola Park,"1230 W Greenleaf Ave Chicago, IL 60626",Chicago_Park_115,1876,Ward 49
9.01,Kosciuszko Park,"2732 N Avers Ave Chicago, IL 60647",Chicago_Park_120,1888,Ward 31
4.36,Bell Park,"3020 N Oak Park Ave Chicago, IL 60634",Chicago_Park_121,1892,Ward 36
6.88,Blackhawk Park,"2318 N Lavergne Ave Chicago, IL 60639",Chicago_Park_122,1892,Ward 36
57.49,Riis Park,"6100 W Fullerton Ave Chicago, IL 60639",Chicago_Park_123,1895,Ward 30
1.18,Simons Park,"1640 N Drake Ave Chicago, IL 60647",Chicago_Park_124,1867,Ward 26
4.9,Hermosa Park,"2240 N Kilbourn Ave Chicago, IL 60639",Chicago_Park_125,1892,Ward 36
9.92,Kelvyn Park,"4438 W Wrightwood Ave Chicago, IL 60639",Chicago_Park_126,1888,Ward 31
13.47,Rutherford Sayre Park,"6871 W Belden Ave Chicago, IL 60635",Chicago_Park_127,NA,NA
4.91,Mozart Park,"2036 N Avers Ave Chicago, IL 60647",Chicago_Park_128,1867,Ward 26
16.52,Amundsen Park,"6200 W Bloomingdale Ave Chicago, IL 60639",Chicago_Park_129,1897,Ward 29
2.3,Galewood Park,"5729 W Bloomingdale Ave Chicago, IL 60639",Chicago_Park_130,1897,Ward 29
3.3,Cragin Park,"2611 N Lockwood Ave Chicago, IL 60639",Chicago_Park_131,1888,Ward 31
4.59,Greenebaum Park,"1729 N Kildare Ave Chicago, IL 60639",Chicago_Park_132,1867,Ward 26
2.25,Pleasant Point Park,"6813 W Imlay St Chicago, IL 60631",Chicago_Park_140,1865,Ward 41
16.41,Norwood Park,"5801 N Natoma Ave Chicago, IL 60631",Chicago_Park_141,1865,Ward 41
8.66,Wilson (Frank) Park,"4630 N Milwaukee Ave Chicago, IL 60630",Chicago_Park_145,1886,Ward 45
9.28,Chopin Park,"3420 N Long Ave Chicago, IL 60641",Chicago_Park_146,1895,Ward 30
38.29,Portage Park,"4100 N Long Ave Chicago, IL 60641",Chicago_Park_147,1877,Ward 38
18.7,Shabbona Park,"6935 W Addison Chicago, IL 60634",Chicago_Park_148,1877,Ward 38
0.89,Jacob Park,"4674 N Virginia Ave Chicago, IL 60625",Chicago_Park_156,1906,Ward 40
0.23,Buffalo Park,"4500 N California Ave Chicago, IL 60625",Chicago_Park_157,1858,Ward 33
0.32,Sunken Gardens Park,"2634 W Sunnyside Ave Chicago, IL 60625",Chicago_Park_158,1874,Ward 47
0.83,Ravenswood Manor Park,"4626 N Manor Ave Chicago, IL 60625",Chicago_Park_159,1858,Ward 33
12.9,Indian Boundary Park,"2500 W Lunt Ave Chicago, IL 60645",Chicago_Park_165,1889,Ward 50
9.45,Pottawattomie Park,"7340 N Rogers Ave Chicago, IL 60626",Chicago_Park_166,1876,Ward 49
3.27,Chippewa Park,"6758 N Sacramento Ave Chicago, IL 60645",Chicago_Park_167,1889,Ward 50
0.52,Matanky Park,"6937 N Ridge Blvd Chicago, IL 60626",Chicago_Park_168,1876,Ward 49
9.82,Ridge Park,"9625 S Longwood Dr Chicago, IL 60643",Chicago_Park_175,1885,Ward 19
4.12,Cosme Park,"2100 W 91st St Chicago, IL 60620",Chicago_Park_176,1885,Ward 19
9.26,Brainerd Park,"1246 W 92nd St Chicago, IL 60620",Chicago_Park_177,1878,Ward 21
1.54,Hurley Park,"1901 W 100th St Chicago, IL 60643",Chicago_Park_178,1885,Ward 19
5.16,Graver Park,"1518 W 102nd Pl Chicago, IL 60643",Chicago_Park_179,1885,Ward 19
9.49,Revere Park,"2509 W Irving Park Rd Chicago, IL 60618",Chicago_Park_185,1874,Ward 47
29.6,River Park,"5100 N Francisco Ave Chicago, IL 60625",Chicago_Park_186,NA,NA
5.72,Brands Park,"3285 N Elston Ave Chicago, IL 60618",Chicago_Park_187,1858,Ward 33
4.1,Green Briar Park,"2650 W Peterson Ave Chicago, IL 60659",Chicago_Park_188,1906,Ward 40
14.81,California Park,"3843 N California Ave Chicago, IL 60618",Chicago_Park_189,1858,Ward 33
4.65,Sauganash Park,"5861 N Kostner Ave Chicago, IL 60646",Chicago_Park_195,1899,Ward 39
18.8,La Follette Park,"1333 N Laramie Ave Chicago, IL 60651",Chicago_Park_201,1900,Ward 37
9.3,Franklin Park,"1449 S Kolin Ave Chicago, IL 60623",Chicago_Park_202,1864,Ward 24
3.28,Holstein Park,"2200 N Oakley Ave Chicago, IL 60647",Chicago_Park_203,1887,Ward 32
175.9,Garfield Park,"100 N Central Park Dr Chicago, IL 60624",Chicago_Park_204,1896,Ward 28
4.44,Sheridan Park,"910 S Aberdeen St Chicago, IL 60607",Chicago_Park_205,1873,Ward 25
4.32,Altgeld Park,"515 S Washtenaw Ave Chicago, IL 60612",Chicago_Park_206,1896,Ward 28
3.71,Austin Town Hall Park,"5610 W Lake St Chicago, IL 60644",Chicago_Park_207,1897,Ward 29
8.85,Eckhart Park,"1330 W Chicago Ave Chicago, IL 60622",Chicago_Park_208,1905,Ward 27
140.73,Columbus Park,"500 S Central Ave Chicago, IL 60644",Chicago_Park_209,1897,Ward 29
14.24,Union Park,"1501 W Randolph St Chicago, IL 60607",Chicago_Park_210,1905,Ward 27
5.85,Skinner Park,"1331 W  Monroe St Chicago, IL 60606",Chicago_Park_211,1905,Ward 27
1.36,Shedd Park,"3660 W 23rd St Chicago, IL 60623",Chicago_Park_212,1880,Ward 22
18.58,Harrison Park,"1824 S Wood St Chicago, IL 60608",Chicago_Park_213,1873,Ward 25
4.74,Wicker Park,"1425 N Damen Ave Chicago, IL 60622",Chicago_Park_214,1893,Ward 1
7.07,Arrigo Park,"1250 W Lexington St Chicago, IL 60607",Chicago_Park_215,1896,Ward 28
6.34,Dvorak Park,"1119 W Cullerton St Chicago, IL 60608",Chicago_Park_216,1873,Ward 25
4.18,Pulaski Park,"1419 W Blackhawk St Chicago, IL 60622",Chicago_Park_217,1894,Ward 2
165.49,Douglas Park,"1401 S Sacramento Dr Chicago, IL 60623",Chicago_Park_218,NA,NA
210.85,Humboldt Park,"1400 N Humboldt Dr Chicago, IL 60622",Chicago_Park_219,1867,Ward 26
16.18,West Pullman Park,"401 W 123rd St Chicago, IL 60628",Chicago_Park_225,1859,Ward 34
6.05,Senn Park,"5887 N Ridge Ave Chicago, IL 60660",Chicago_Park_227,1872,Ward 48
58.07,Horner Park,"2741 W Montrose Ave Chicago, IL 60618",Chicago_Park_228,1858,Ward 33
14.04,Hiawatha Park,"8029 W Forest Preserve Ave Chicago, IL 60634",Chicago_Park_229,1877,Ward 38
23.93,Piotrowski Park,"4200 W 31st St Chicago, IL 60623",Chicago_Park_230,1880,Ward 22
10.66,Rosenblum Park,"2000 E 75th St Chicago, IL 60649",Chicago_Park_231,1907,Ward 8
2.95,Eckersall Park,"2430 E 82nd St Chicago, IL 60617",Chicago_Park_232,1883,Ward 7
13.31,Vittum Park,"5014 W 50th St Chicago, IL 60638",Chicago_Park_233,1880,Ward 22
17.44,Hale Park,"6140 S Melvina Ave Chicago, IL 60638",Chicago_Park_234,1869,Ward 13
9.99,Oakdale Park,"965 W 95th St Chicago, IL 60643",Chicago_Park_235,1878,Ward 21
12.32,Robinson Park,"10540 S Morgan St Chicago, IL 60643",Chicago_Park_236,1859,Ward 34
18.42,Owens Park,"2100 E 88th St Chicago, IL 60617",Chicago_Park_237,1907,Ward 8
15.96,Wentworth Park,"5625 S Mobile Ave Chicago, IL 60638",Chicago_Park_238,1869,Ward 13
16.56,Dawes Park,"8040 S Damen Av Chicago, IL 60620",Chicago_Park_239,1875,Ward 18
22.54,Rogers Park,"7345 N Washtenaw Ave Chicago, IL 60645",Chicago_Park_240,1889,Ward 50
14.87,Mather Park,"5835 N Lincoln Ave Chicago, IL 60659",Chicago_Park_241,1906,Ward 40
20.63,Hayes Park,"2936 W 85th St Chicago, IL 60652",Chicago_Park_242,1875,Ward 18
17.66,Lindblom Park,"6054 S Damen Ave Chicago, IL 60636",Chicago_Park_243,1901,Ward 16
27.9,Gately Park,"810 E 103rd St Chicago, IL 60628",Chicago_Park_244,1907,Ward 8
16.48,West Lawn Park,"4233 W 65th St Chicago, IL 60629",Chicago_Park_245,1869,Ward 13
6.68,Touhy Park,"7348 N Paulina St Chicago, IL 60626",Chicago_Park_246,1876,Ward 49
11.83,Pasteur Park,"5825 S Kostner Ave Chicago, IL 60629",Chicago_Park_247,1869,Ward 13
18.64,Rowan Park,"11546 S Avenue L Chicago, IL 60617",Chicago_Park_248,1891,Ward 10
14.03,West Chatham Park,"8223 S Princeton Ave Chicago, IL 60620",Chicago_Park_249,1878,Ward 21
14.09,Archer Park,"4901 S Kilbourn Ave Chicago, IL 60632",Chicago_Park_250,1890,Ward 14
52.63,Mount Greenwood Park,"3724 W 111th St Chicago, IL 60655",Chicago_Park_251,1885,Ward 19
13.98,Beverly Park,"2460 W 102nd St Chicago, IL 60655",Chicago_Park_254,1885,Ward 19
18.76,Carver Park,"939 E 132nd St Chicago, IL 60627",Chicago_Park_255,1870,Ward 9
9.45,Merrimac Park,"6343 W Irving Park Rd Chicago, IL 60634",Chicago_Park_256,1877,Ward 38
9.51,Wildwood Park,"6950 N Hiawatha Ave Chicago, IL 60646",Chicago_Park_257,1861,Ward 3
14.88,Dunham Park,"4640 N Melvina Ave Chicago, IL 60630",Chicago_Park_258,1877,Ward 38
25,Abbott Park,"49 E 95th St Chicago, IL 60628",Chicago_Park_259,1870,Ward 9
7.28,Kelly (Edward) Park,"2725 W 41st St Chicago, IL 60632",Chicago_Park_260,1871,Ward 12
6.75,Williams Park,"2820 S State St Chicago, IL 60616",Chicago_Park_261,1894,Ward 2
9.23,Addams (Jane) Park,"1301 W 14th St Chicago, IL 60608",Chicago_Park_262,1896,Ward 28
7.97,Lake Meadows Park,"3113 S Rhodes Ave Chicago, IL 60616",Chicago_Park_263,1882,Ward 4
14.06,Bogan Park,"3939 W 79th St Chicago, IL 60652",Chicago_Park_264,1875,Ward 18
2.48,Scottsdale Park,"4620 W 83rd Pl Chicago, IL 60652",Chicago_Park_265,1875,Ward 18
3.96,Stateway Park,"3658 S State St Chicago, IL 60609",Chicago_Park_266,1861,Ward 3
21.91,Dunbar Park,"200 E 31st St Chicago, IL 60616",Chicago_Park_267,1882,Ward 4
9.69,Durkin Park,"8441 S Kolin Ave Chicago, IL 60652",Chicago_Park_268,1875,Ward 18
5.91,Cole Park,"361 E 85th St Chicago, IL 60619",Chicago_Park_270,1902,Ward 6
9.69,Taylor Park,"100 W 47th St Chicago, IL 60609",Chicago_Park_271,1861,Ward 3
4.61,Smith (Wendell) Park,"9912 S Princeton Ave Chicago, IL 60628",Chicago_Park_272,1870,Ward 9
8.53,Lerner Park,"7000 N Sacramento Ave Chicago, IL 60645",Chicago_Park_273,1889,Ward 50
48.44,Legion Park,"3100 W Bryn Mawr Ave Chicago, IL 60659",Chicago_Park_274,NA,NA
11.97,Ronan Park,"3000 W Argyle St Chicago, IL 60625",Chicago_Park_275,NA,NA
11.47,Nichols Park,"1342 E 54th St Chicago, IL 60615",Chicago_Park_277,1882,Ward 4
3.96,Houston Park,"5001 S Cottage Grove Ave Chicago, IL 60615",Chicago_Park_278,1882,Ward 4
0.52,Elm Park,"5215 S Woodlawn Ave Chicago, IL 60615",Chicago_Park_279,1882,Ward 4
1.29,Spruce Park,"1437 E 54th St Chicago, IL 60615",Chicago_Park_280,1866,Ward 5
0.98,Erhler Park,"2230 W Cortland St Chicago, IL 60647",Chicago_Park_283,1887,Ward 32
4.97,Austin Foster Park,"6020 W Foster Ave Chicago, IL 60630",Chicago_Park_285,1886,Ward 45
2.53,Wentworth Gardens Park,"3770 S Wentworth Ave Chicago, IL 60609",Chicago_Park_286,1861,Ward 3
4.6,Cooper Park,"1332 W 117th St Chicago, IL 60643",Chicago_Park_287,1859,Ward 34
6.41,Golden Gate Park,"500 E 130th St Chicago, IL 60627",Chicago_Park_288,1870,Ward 9
6.7,Brown Memorial Park,"644 E 86th St Chicago, IL 60619",Chicago_Park_289,1902,Ward 6
0.8,South Lakeview Park,"1300 W Wolfram St Chicago, IL 60657",Chicago_Park_290,1887,Ward 32
2.81,Stout Park,"5446 S Greenwood Ave Chicago, IL 60615",Chicago_Park_291,1866,Ward 5
0.57,Coleman Park,"900 E 54th Pl Chicago, IL 60615",Chicago_Park_292,1866,Ward 5
1.44,Unity Park,"2636 N Kimball Ave Chicago, IL 60647",Chicago_Park_293,1903,Ward 35
0.35,Hasan Park,"6855 S Oglesby Ave Chicago, IL 60649",Chicago_Park_294,1866,Ward 5
0.53,Baraga Park,"2440 S Leavitt St Chicago, IL 60608",Chicago_Park_295,1873,Ward 25
1.38,Dooley Park,"3426 W 77th St Chicago, IL 60652",Chicago_Park_296,1875,Ward 18
0.25,Hickory Park,"4834 N Winthrop Ave Chicago, IL 60640",Chicago_Park_299,1860,Ward 46
12.56,Le Claire- Hearst Park,"5116 W 44th St Chicago, IL 60638",Chicago_Park_305,1880,Ward 22
0.36,Dubkin Park,"7442 N Ashland Blvd Chicago, IL 60626",Chicago_Park_306,1876,Ward 49
8.97,Minuteman Park,"5940 S Central Ave Chicago, IL 60638",Chicago_Park_307,NA,NA
0.53,Linden Park,"1139 N Pulaski Rd Chicago, IL 60651",Chicago_Park_308,1900,Ward 37
18.83,Senka Park,"5656 S St Louis Ave Chicago, IL 60629",Chicago_Park_309,1890,Ward 14
0.65,Wood Park,"2914 N Leavitt St Chicago, IL 60618",Chicago_Park_316,1887,Ward 32
12.92,Robichaux Park,"9247 S Eggleston Ave Chicago, IL 60620",Chicago_Park_320,1878,Ward 21
0.21,Aspen Park,"4237 S Wabash Ave Chicago, IL 60653",Chicago_Park_321,1861,Ward 3
0.16,Birch Park,"427 E 45th St Chicago, IL 60653",Chicago_Park_322,1861,Ward 3
0.24,Poplar Park,"4046 S Prairie Ave Chicago, IL 60653",Chicago_Park_323,1861,Ward 3
0.31,Harsh Park,"4464 S Oakenwald Ave Chicago, IL 60653",Chicago_Park_324,1882,Ward 4
0.46,Holly Park,"4052 S Ellis Ave Chicago, IL 60653",Chicago_Park_325,1882,Ward 4
0.22,Park 326,"6430 S Kenwood Ave Chicago, IL 60637",Chicago_Park_326,1884,Ward 20
0.27,Beehive Park,"6156 S Dorchester Ave Chicago, IL 60637",Chicago_Park_328,1884,Ward 20
0.17,Prairie Wolf Park,"6310 S Drexel Ave Chicago, IL 60637",Chicago_Park_329,1884,Ward 20
0.33,Flying Squirrel Park,"6600 S Woodlawn Ave Chicago, IL 60637",Chicago_Park_331,1866,Ward 5
0.48,Barberry Park,"2827 W Arthington St Chicago, IL 60612",Chicago_Park_332,1896,Ward 28
0.24,Magnolia Park,"3228 W Flournoy St Chicago, IL 60624",Chicago_Park_333,1864,Ward 24
6.84,King Park,"1212 W 77th St Chicago, IL 60620",Chicago_Park_334,1863,Ward 17
7.6,Edgebrook Park,"6525 N Hiawatha Ave Chicago, IL 60646",Chicago_Park_335,1865,Ward 41
0.3,Huckleberry Park,"6200 S Kimbark Ave Chicago, IL 60637",Chicago_Park_336,1884,Ward 20
0.2,Moccasin Ranch Park,"6446 S Kimbark Ave Chicago, IL 60637",Chicago_Park_337,1884,Ward 20
0.63,Jefferson (Nancy) Park,"3111 W Fulton Blvd Chicago, IL 60612",Chicago_Park_338,1905,Ward 27
0.23,Pendleton Park,"4347 S Calumet Ave Chicago, IL 60653",Chicago_Park_339,1861,Ward 3
0.33,Boswell Park,"6646 S University Ave Chicago, IL 60637",Chicago_Park_340,1866,Ward 5
0.18,Aster Park,"4639 N Kenmore Ave Chicago, IL 60640",Chicago_Park_343,1860,Ward 46
0.16,Dogwood Park,"2734 W Polk St Chicago, IL 60612",Chicago_Park_344,1896,Ward 28
0.18,Ginkgo Park,"3432 W 15th St Chicago, IL 60623",Chicago_Park_347,1864,Ward 24
0.21,Gooseberry Park,"4648 N Malden St Chicago, IL 60640",Chicago_Park_348,1860,Ward 46
0.25,Honeysuckle Park,"4637 S Champlain Ave Chicago, IL 60653",Chicago_Park_351,1882,Ward 4
0.71,Reyes Park,"827 W 19th St Chicago, IL 60608",Chicago_Park_352,1881,Ward 11
0.35,Hornbeam Park,"1422 S Hamlin Ave Chicago, IL 60623",Chicago_Park_353,1864,Ward 24
0.25,Railroad Junction Park,"7334 S Maryland Ave Chicago, IL 60619",Chicago_Park_354,1907,Ward 8
0.25,Ninebark Park,"1447-1453 S Harding Ave Chicago, IL 60623",Chicago_Park_355,1864,Ward 24
0.16,Crawford Park,"1516 S Karlov Ave Chicago, IL 60623",Chicago_Park_359,1864,Ward 24
0.51,Lin Park,"1735 S State St Chicago, IL 60616",Chicago_Park_360,1861,Ward 3
0.59,Violet Park,"4120 W Taylor St Chicago, IL 60624",Chicago_Park_361,1864,Ward 24
2.56,Brooks (Gwendolyn) Park,"4542 S Greenwood Ave Chicago, IL 60653",Chicago_Park_362,1882,Ward 4
5.49,Burnside Park,"9400 S Greenwood Ave Chicago, IL 60619",Chicago_Park_363,1907,Ward 8
2.42,Gill Park,"825 W Sheridan Rd Chicago, IL 60613",Chicago_Park_364,1860,Ward 46
0.84,Bauler Park,"517 W Wisconsin St Chicago, IL 60614",Chicago_Park_365,1898,Ward 43
0.67,DeJulio Park,"6056 N Landers Ave Chicago, IL 60646",Chicago_Park_366,1899,Ward 39
3.15,Dougherty Park,"9336 S Kingston Ave Chicago, IL 60647",Chicago_Park_368,1883,Ward 7
1.96,Stars & Stripes Park,"7000 W 51st Pl Chicago, IL 60638",Chicago_Park_370,1862,Ward 23
8.32,Valley Forge Park,"7001 W 59th St Chicago, IL 60638",Chicago_Park_371,NA,NA
0.49,Catalpa Park,"4330 S Kedvale Ave Chicago, IL 60632",Chicago_Park_372,1890,Ward 14
5.18,Blackwelder Park,"1800 W 115th St Chicago, IL 60643",Chicago_Park_373,1859,Ward 34
0.15,Privet Park,"1844 N Sheffield Ave Chicago, IL 60614",Chicago_Park_375,1898,Ward 43
0.24,Cornell Park,"5473 S Cornell Ave Chicago, IL 60615",Chicago_Park_378,1866,Ward 5
5.5,White (Edward) Park,"1120 W 122nd St Chicago, IL 60643",Chicago_Park_379,1859,Ward 34
0.16,Grape Park,"2850 W Avondale Ave Chicago, IL 60618",Chicago_Park_381,1858,Ward 33
0.77,Park 382,"8116 S Halsted St Chicago, IL 60620",Chicago_Park_382,1878,Ward 21
0.27,Goldberg Park,"7053 N Glenwood Ave Chicago, IL 60626",Chicago_Park_384,1876,Ward 49
1.85,Buttercup Park,"4913 N Sheridan Rd Chicago, IL 60640",Chicago_Park_385,1872,Ward 48
5.99,Jackson (Mahalia) Park,"8385 S Birkhoff Ave Chicago, IL 60620",Chicago_Park_386,1878,Ward 21
2.72,Hoard Park,"7221 S Dobson Ave Chicago, IL 60619",Chicago_Park_387,1866,Ward 5
0.48,Washington (Dinah) Park,"8215 S Euclid Ave Chicago, IL 60617",Chicago_Park_388,1907,Ward 8
0.22,Snowberry Park,"1855 W Huron St Chicago, IL 60622",Chicago_Park_389,1893,Ward 1
0.08,D'Elia Park,"6340 N Lakewood Ave Chicago, IL 60660",Chicago_Park_390,1872,Ward 48
0.52,Edmonds Park,"711 W 60th Pl Chicago, IL 60621",Chicago_Park_391,1901,Ward 16
0.37,Juniper Park,"3656 N Greenview Ave Chicago, IL 60613",Chicago_Park_392,1868,Ward 44
2.18,Walsh Park,"1722 N Ashland Ave Chicago, IL 60614",Chicago_Park_393,1887,Ward 32
0.61,Malus Park,"5426 S Shields Ave Chicago, IL 60609",Chicago_Park_394,1861,Ward 3
2.08,Leland Giants Park,"7526 S Lowe Ave Chicago, IL 60621",Chicago_Park_395,1902,Ward 6
0.16,Snapping Turtle Park,"534 N Albany Ave Chicago, IL 60612",Chicago_Park_396,1905,Ward 27
0.32,The Grove Park,"8421 S Morgan St Chicago, IL 60620",Chicago_Park_397,1878,Ward 21
0.47,Sheil Community Center Park,"3505 N Southport Ave Chicago, IL 60657",Chicago_Park_398,1868,Ward 44
0.17,Park 399,"1420 N Artesian Ave Chicago, IL 60622",Chicago_Park_399,1893,Ward 1
1.04,Claremont Park,"2342 W Flournoy St Chicago, IL 60612",Chicago_Park_400,1896,Ward 28
0.3,Vogle Park,"2100 W Lawrence Ave Chicago, IL 60625",Chicago_Park_402,1874,Ward 47
0.24,Wolcott Park,"6551 S Wolcott Ave Chicago, IL 60636",Chicago_Park_403,1904,Ward 15
0.22,Packingtown Park,"4856 S Laflin St Chicago, IL 60609",Chicago_Park_404,1884,Ward 20
0.69,DeBow Park,"1126 E 80th St Chicago, IL 60619",Chicago_Park_405,1907,Ward 8
6.96,Orr Park,"744 N Pulaski Rd Chicago, IL 60624",Chicago_Park_407,1900,Ward 37
9.03,Curie Park,"4959 S Archer Ave Chicago, IL 60632",Chicago_Park_408,1890,Ward 14
1.24,Churchill Field Park,"1825 N Damen Ave Chicago, IL 60614",Chicago_Park_412,1887,Ward 32
0.3,Park 414,"4302 W Division St Chicago, IL 60651",Chicago_Park_414,1900,Ward 37
0.25,Junction Grove Park,"345 W 64th St Chicago, IL 60621",Chicago_Park_415,1884,Ward 20
0.25,Cottonwood Park,"5058 W West End Ave Chicago, IL 60644",Chicago_Park_416,1896,Ward 28
0.29,Hazelnut Park,"5949 W Huron St Chicago, IL 60644",Chicago_Park_417,1897,Ward 29
0.24,Park 419,"8001 S Wabash Ave Chicago, IL 60619",Chicago_Park_419,1902,Ward 6
0.38,Cochran Park,"5554 N Magnolia Ave Chicago, IL 60640",Chicago_Park_420,1872,Ward 48
1,Park 421,"5300 S Halsted St Chicago, IL 60609",Chicago_Park_421,1884,Ward 20
0.86,Park 422,"3200 W Congress Pkwy Chicago, IL 60624",Chicago_Park_422,1896,Ward 28
14.4,Oz Park,"2021 N Burling St Chicago, IL 60614",Chicago_Park_423,1898,Ward 43
0.15,Spikings Farm Park,"4706 N Pulaski Rd Chicago, IL 60630",Chicago_Park_424,1899,Ward 39
0.58,Noethling Park,"2645 N Sheffield Ave Chicago, IL 60614",Chicago_Park_425,1898,Ward 43
0.94,Brighton Park,"3501 S Richmond St Chicago, IL 60632",Chicago_Park_426,1871,Ward 12
0.16,Ashmore Park,"4807 W Gunnison St Chicago, IL 60630",Chicago_Park_427,1886,Ward 45
89.63,Warren Park,"6621 N Western Ave Chicago, IL 60645",Chicago_Park_428,1889,Ward 50
71.79,South Shore Community Center Park,"7059 S South Shore Dr Chicago, IL 60649",Chicago_Park_429,1866,Ward 5
0.23,Sweet Clover Park,"650 N Leamington Ave Chicago, IL 60644",Chicago_Park_430,1900,Ward 37
0.37,Flower Park,"2554 W Moffat St Chicago, IL 60647",Chicago_Park_431,1893,Ward 1
0.08,Park 432,"3349 W Rice St Chicago, IL 60651",Chicago_Park_432,1905,Ward 27
0.16,Neighbors' Garden Park,"2533 N Sacramento Ave Chicago, IL 60647",Chicago_Park_433,1887,Ward 32
0.49,Essex Park,"7687 S South Chicago Ave Chicago, IL 60619",Chicago_Park_434,1866,Ward 5
0.31,Bromann Park,"5400 N Broadway Chicago, IL 60640",Chicago_Park_435,1872,Ward 48
0.75,Periwinkle Park,"100 W 66th St Chicago, IL 60621",Chicago_Park_436,1884,Ward 20
0.3,Park 437,"5653 S Loomis St Chicago, IL 60636",Chicago_Park_437,1901,Ward 16
0.23,Luna Park,"5558 S Green St Chicago, IL 60621",Chicago_Park_440,1884,Ward 20
0.31,Drexel Park,"6931 S Damen Ave Chicago, IL 60636",Chicago_Park_441,1863,Ward 17
1.44,McInerney Park,"4446-58 S. Emerald Ave Chicago, IL 60609",Chicago_Park_443,1881,Ward 11
0.97,Lamb Park,"1400 W 109th St Chicago, IL 60643",Chicago_Park_446,1859,Ward 34
0.15,Martin Park,"922 W Fletcher St Chicago, IL 60657",Chicago_Park_447,1868,Ward 44
6.73,Metcalfe Park,"4196 S State St Chicago, IL 60609",Chicago_Park_448,1861,Ward 3
0.33,Wieboldt Park,"1747 W Nelson St Chicago, IL 60657",Chicago_Park_449,1887,Ward 32
0.18,Lazarus Park,"1257 W Columbia Ave Chicago, IL 60626",Chicago_Park_450,1876,Ward 49
0.45,Sun Yat-Sen Park,"300 W 24th Pl Chicago, IL 60616",Chicago_Park_451,1881,Ward 11
22.24,Peterson Park,"5801 N Pulaski Rd Chicago, IL 60646",Chicago_Park_452,1899,Ward 39
0.22,Miami Park,"2754 S Trumbull Ave Chicago, IL 60623",Chicago_Park_453,1880,Ward 22
1.1,Senior Citizens Memorial Park,"2238 N Oakley Ave Chicago, IL 60647",Chicago_Park_455,1887,Ward 32
19.94,Clark (Richard) Park,"3400 N Rockwell Ave Chicago, IL 60618",Chicago_Park_457,1874,Ward 47
2.34,Ashe Beach Park,"2701 E 74th St Chicago, IL 60649",Chicago_Park_459,1883,Ward 7
2.09,Broadway Armory Park,"5917 N Broadway Chicago, IL 60660",Chicago_Park_462,1872,Ward 48
0.89,Quinn Park,"6239 N Mcclellan Ave Chicago, IL 60646",Chicago_Park_464,1899,Ward 39
1.46,Dearborn Park,"865 S Park Ter Chicago, IL 60605",Chicago_Park_465,1882,Ward 4
1.78,Roosevelt Park,"62 W Roosevelt Rd Chicago, IL 60605",Chicago_Park_466,1882,Ward 4
1.37,Park 468,"4556 W 56th St Chicago, IL 60629",Chicago_Park_468,1869,Ward 13
1.79,Grandparents' Park,"5445 N Chester St Chicago, IL 60656",Chicago_Park_472,1865,Ward 41
0.01,Park 474,"3231 W Douglas Blvd Chicago, IL 60616",Chicago_Park_474,1861,Ward 3
1.12,River Esplanade Park,"401 E River Dr Chicago, IL 60611",Chicago_Park_476,1879,Ward 42
1.38,Ogden Plaza Park,"429 N Columbus Dr Chicago, IL 60611",Chicago_Park_477,1879,Ward 42
3.43,DuSable Park,"401 N Lake Shore Dr Chicago, IL 60611",Chicago_Park_478,1879,Ward 42
1.3,Jones Park,"1240 S Plymouth Ct Chicago, IL 60616",Chicago_Park_479,1861,Ward 3
2.38,Cotton Tail Park,"44 W 15th St Chicago, IL 60616",Chicago_Park_480,1861,Ward 3
17.53,Ping Tom Memorial Park,"300 W 18th St Chicago, IL 60616",Chicago_Park_481,1873,Ward 25
1.14,Nash Community Center Park,"1833 E 71st St Chicago, IL 60649",Chicago_Park_482,1883,Ward 7
12.75,Madigan Park,"4701 W Marquette Rd Chicago, IL 60638",Chicago_Park_484,1869,Ward 13
2.89,Kennicott Park,"4434 S Lake Park Ave Chicago, IL 60653",Chicago_Park_485,1882,Ward 4
22.73,Winnemac Park,"5001 N Leavitt St Chicago, IL 60625",Chicago_Park_486,1906,Ward 40
0.51,Broncho Billy Park,"4437 N Magnolia Ave Chicago, IL 60640",Chicago_Park_487,1860,Ward 46
2.94,Challenger Park,"1100 W Irving Park Rd Chicago, IL 60613",Chicago_Park_488,1860,Ward 46
1.21,Ridge Park Wetlands,"9516 S Wood St Chicago, IL 60643",Chicago_Park_490,1885,Ward 19
9.29,Armstrong Park,"4433 S St Lawrence Chicago, IL 60653",Chicago_Park_492,1861,Ward 3
1.39,Kelly (John) Park,"3800 N Seminary Ave Chicago, IL 60613",Chicago_Park_493,1868,Ward 44
25.4,Washington (Harold) Park,"5200 S Hyde Park Blvd Chicago, IL 60615",Chicago_Park_494,1866,Ward 5
1.81,Boler Park,"3601 W Arthington St Chicago, IL 60624",Chicago_Park_496,1864,Ward 24
2.13,Starr Park,"2306 W Maypole Ave Chicago, IL 60612",Chicago_Park_497,1905,Ward 27
7.68,Beniac Greenway Park,"3925 E 104th St Chicago, IL 60617",Chicago_Park_499,1891,Ward 10
1.33,Park 500,"730 S Springfield Ave Chicago, IL 60624",Chicago_Park_500,1864,Ward 24
0.33,Parsons Park,"4701 W Belmont Ave Chicago, IL 60641",Chicago_Park_501,1895,Ward 30
2.43,Canal Origins Park,"2701 S Ashland Ave Chicago, IL 60608",Chicago_Park_502,1873,Ward 25
15.47,Schafer Park,"8900 S Green Bay Ave Chicago, IL 60617",Chicago_Park_503,1891,Ward 10
10.01,Mandrake Park,"900 E Pershing Rd. Chicago, IL 60653",Chicago_Park_504,1882,Ward 4
0.64,Nottingham Park,"7101 W 63rd St Chicago, IL 60638",Chicago_Park_505,1862,Ward 23
0.21,Washington (Harold) Memorial Park,"7710 N Paulina St Chicago, IL 60626",Chicago_Park_506,1876,Ward 49
0.75,Coliseum Park,"1466 S Wabash Av Chicago, IL 60605",Chicago_Park_507,1861,Ward 3
1.28,Renaissance Park,"1300 W 79th St Chicago, IL 60620",Chicago_Park_509,NA,NA
2.63,Livingston Field Park,"2139-59 W. Lexington St Chicago, IL 60612",Chicago_Park_510,1896,Ward 28
2.92,Montgomery Ward Park,"630 N Kingsbury Ave Chicago, IL 60610",Chicago_Park_511,NA,NA
3.46,Park 512,"1800 N Ashland Ave Chicago, IL 60614",Chicago_Park_512,1887,Ward 32
1.31,Webster Park,"1401 S Indiana Ave Chicago, IL 60605",Chicago_Park_513,1861,Ward 3
0.7,Park 514,"1434 N Monticello Ave Chicago, IL 60651",Chicago_Park_514,1867,Ward 26
5.46,Homan Square Community Center Park,"3517 W Arthington St Chicago, IL 60624",Chicago_Park_515,1864,Ward 24
5.2,Canalport Riverwalk Park,"2900 S Ashland Ave Chicago, IL 60608",Chicago_Park_516,1873,Ward 25
0.65,Park 517,"5914-5924 N Sheridan Rd Chicago, IL 60660",Chicago_Park_517,1872,Ward 48
2.19,Triangle Park,"1750 W Juneway Ter Chicago, IL 60626",Chicago_Park_518,1876,Ward 49
0.08,Park 519,"1944 S St. Louis Ave Chicago, IL 60623",Chicago_Park_519,1864,Ward 24
0.16,Honor<U+FFFD> Park,"916 N Honore St Chicago, IL 60622",Chicago_Park_520,1894,Ward 2
0.16,Warner Garden Park,"1426 W Warner Ave Chicago, IL 60613",Chicago_Park_521,1874,Ward 47
1.97,Wang Park,"1719 W Wolfram St Chicago, IL 60657",Chicago_Park_522,1887,Ward 32
16.92,Steelworkers Park,"E 87th St At The Lake Chicago, IL 60617",Chicago_Park_523,1891,Ward 10
2.37,Harris (Harriet) Park,"6200 S Drexel Ave Chicago, IL 60637",Chicago_Park_524,1884,Ward 20
7.53,Stone Park,"3200 W Peterson Ave Chicago, IL 60659",Chicago_Park_526,1889,Ward 50
5.75,Park 527,"6200 S Lasalle St Chicago, IL 60621",Chicago_Park_527,1884,Ward 20
5.78,Park 528,"6336 S Kilbourn Ave Chicago, IL 60629",Chicago_Park_528,1869,Ward 13
0.54,Park 529,"2155 W Wabansia Ave Chicago, IL 60647",Chicago_Park_529,1887,Ward 32
2.67,Daley Park,"3150 S Western Ave Chicago, IL 60608",Chicago_Park_530,1873,Ward 25
27.05,Palmisano Park,"2850 S Halsted St Chicago, IL 60608",Chicago_Park_531,1881,Ward 11
2.89,Williams- Davis Park,"4101 S. Lake Park Ave Chicago, IL 60653",Chicago_Park_532,1882,Ward 4
58.11,North Park Nature Ctr,"5801 N Pulaski Rd Chicago, IL 60646",Chicago_Park_533,1899,Ward 39
3.65,Park 534,"1300 S St Louis Ave Chicago, IL 60623",Chicago_Park_534,1864,Ward 24
0.14,Park 535,"800 W Wisconsin St Chicago, IL 60614",Chicago_Park_535,1898,Ward 43
0.32,Park 536,"1401 N Noble St Chicago, IL 60622",Chicago_Park_536,1894,Ward 2
1.11,Heritage Green Park,"610-30 W Adams St Chicago, IL 60661",Chicago_Park_537,1879,Ward 42
32.67,Park 538,"6400 N Kedzie Chicago, IL 60645",Chicago_Park_538,NA,NA
8.09,Palmer Square Park,"2200 N Kedzie Ave Chicago, IL 60647",Chicago_Park_539,NA,NA
5.01,Park 540,"2401 S Federal St Chicago, IL 60616",Chicago_Park_540,1861,Ward 3
1.1,Pritzker Park,"301-52 S State St Chicago, IL 60604",Chicago_Park_541,1882,Ward 4
2.71,Bartelme Park,"115 S. Sangamon St Chicago, IL 60602",Chicago_Park_542,1873,Ward 25
0.4,Park 543,"640 S. Federal St. Chicago, IL 60605",Chicago_Park_543,1882,Ward 4
0.38,Klein Park,"3538-40 N Lincoln Ave Chicago, IL 60657",Chicago_Park_544,1874,Ward 47
5.83,Park 546,"450 E. Benton Place Chicago, IL 60611",Chicago_Park_546,1879,Ward 42
0.46,Battle of Fort Dearborn Park,"1801 S Calumet Ave Chicago, IL 60616",Chicago_Park_547,1861,Ward 3
34.28,Major Taylor Bike Trail Park,NA,Chicago_Park_548,NA,NA
1.61,Logan Square Skate Park Park,"2430 W Logan Blvd Chicago, IL 60647",Chicago_Park_549,1887,Ward 32
3.06,Chicago Women's Park,"1801 S Indiana Ave Chicago, IL 60616",Chicago_Park_550,1861,Ward 3
1.31,Park 551,"353 N Des Plaines St Chicago, IL 60661",Chicago_Park_551,1879,Ward 42
0.31,Park 552,"4901 W Belmont Ave Chicago, IL 60641",Chicago_Park_552,1888,Ward 31
22.77,La Villita Park,"2800 S Sacramento Ave Chicago, IL 60608",Chicago_Park_553,1871,Ward 12
0.51,De Burgos Park,"1805 N Albany Ave Chicago, IL 60647",Chicago_Park_554,1893,Ward 1
11.83,Sauganash Trail Park,"4400 W Devon Ave Chicago, IL 60626",Chicago_Park_555,1899,Ward 39
0.57,Park 556,"2529 W Logan Blvd Chicago, IL 60647",Chicago_Park_556,1893,Ward 1
2.02,North Boundary Park,"7211-7355 N Kedzie Ave Chicago, IL 60645",Chicago_Park_557,1889,Ward 50
0.56,King- Lockhart Park,"10609-15 S Western Ave Chicago, IL 60643",Chicago_Park_558,1885,Ward 19
0.61,Park 559,"6151 N Sheridan Rd Chicago, IL 60660",Chicago_Park_559,1872,Ward 48
1.67,White (Jesse) Park,"410 W Chicago Ave Chicago, IL 60654",Chicago_Park_560,1905,Ward 27
1.08,Anderson (Fred) Park,"1629 S Wabash Chicago, IL 60616",Chicago_Park_561,1861,Ward 3
141.39,Byrnes Park,"1735-37 E 96th St Chicago, IL 60643",Chicago_Park_562,NA,NA
130.45,Hegewisch Marsh Park,"13000 S Torrence Ave Chicago, IL 60633",Chicago_Park_563,1891,Ward 10
295.29,Big Marsh Park,"11555 S Stony Island Ave Chicago, IL 60617",Chicago_Park_564,1891,Ward 10
70.3,Park 566,"7901 S Farragut Chicago, IL 60617",Chicago_Park_566,NA,NA
0.33,Park 567,"1799 N Milwaukee Ave Chicago, IL 60647",Chicago_Park_567,1887,Ward 32
23.68,Park 568,"5601 N Western Ave Chicago, IL 60659",Chicago_Park_568,1906,Ward 40
0.4,Park 569,"1358 W Monroe St Chicago, IL 60607",Chicago_Park_569,1905,Ward 27
0.53,Donahue Park,"1230 W School St Chicago, IL 60657",Chicago_Park_570,1868,Ward 44
4.41,Park 571,"2754-2860 S Eleanor St Chicago, IL 60608",Chicago_Park_571,1881,Ward 11
2.36,Park 573,"701 E 114th St Chicago, IL 60628",Chicago_Park_573,1870,Ward 9
2.21,Park 574,"2540 W Jackson Blvd Chicago, IL 60612",Chicago_Park_574,1905,Ward 27
144.94,Park 576,"2100 E 134th St Chicago, IL 60633",Chicago_Park_576,1891,Ward 10
2.63,Morgan Park Sports Ctr,"11505 S. Western Av Chicago, IL 60643",Chicago_Park_577,1885,Ward 19
1.757,Park 578,"1919 W Maypole Ave Chicago, IL 60612",Chicago_Park_578,1905,Ward 27
7.02,Park 580,"4030 N Oak Park Ave Chicago, IL 60634",Chicago_Park_580,1877,Ward 38
7.4,Park 581,"11625 S Oakley Ave Chicago, IL 60643",Chicago_Park_581,1885,Ward 19
109.13,Rainbow Beach Park,"2873 E 75th St Chicago, IL 60649",Chicago_Park_1001,1883,Ward 7
12.78,Clarendon Community Center Park,"4501 N Clarendon Ave Chicago, IL 60640",Chicago_Park_1002,1860,Ward 46
1.27,Beilfuss Park,"1725 N Springfield Ave Chicago, IL 60647",Chicago_Park_1003,1867,Ward 26
4.24,Bradley Park,"9729 S Yates Ave Chicago, IL 60617",Chicago_Park_1004,1891,Ward 10
2.96,Block Park,"346 W 104th St Chicago, IL 60628",Chicago_Park_1005,1859,Ward 34
1.51,Commercial Club Park,"1845 W Rice St Chicago, IL 60622",Chicago_Park_1006,1893,Ward 1
4.36,Hermitage Park,"5839 S Wood St Chicago, IL 60636",Chicago_Park_1008,1904,Ward 15
7.08,Kenwood Comm. Park,"1330 E 50th St Chicago, IL 60615",Chicago_Park_1010,1882,Ward 4
4.82,Lawler Park,"5210 W 64th St Chicago, IL 60638",Chicago_Park_1011,1869,Ward 13
9.19,O'Hallaren Park,"8335 S Honore St Chicago, IL 60620",Chicago_Park_1012,1878,Ward 21
2.74,Leone Beach Park,"1222 W Touhy Ave Chicago, IL 60626",Chicago_Park_1013,1876,Ward 49
6.4,Sherwood Park,"5705 S Shields Ave Chicago, IL 60621",Chicago_Park_1014,1884,Ward 20
10.53,Smith (Joseph Higgins) Park,"2526 W Grand Ave Chicago, IL 60612",Chicago_Park_1015,1867,Ward 26
4.35,Strohacker Park,"4347 W 54th St Chicago, IL 60632",Chicago_Park_1016,1862,Ward 23
1.85,Trebes Park,"2250 N Clifton Ave Chicago, IL 60614",Chicago_Park_1017,1898,Ward 43
0.21,Wilson (John) Community Center Park,"3225 S Racine Ave Chicago, IL 60608",Chicago_Park_1018,1881,Ward 11
0.78,Adams (George & Adele) Park,"1919 N Seminary Ave Chicago, IL 60614",Chicago_Park_1019,1898,Ward 43
0.99,Anderson (Louis) Park,"3748 S Prairie Ave Chicago, IL 60653",Chicago_Park_1020,1861,Ward 3
1.05,Augusta Park,"4431 W Augusta Blvd Chicago, IL 60651",Chicago_Park_1021,1900,Ward 37
0.7,Barrett Park,"2022 W Cermak Rd Chicago, IL 60608",Chicago_Park_1022,1873,Ward 25
2.15,Bosley Park,"3044 S Bonfield St Chicago, IL 60608",Chicago_Park_1024,1881,Ward 11
4.93,Taylor- Lauridsen Park,"647 W Root St Chicago, IL 60609",Chicago_Park_1025,1881,Ward 11
2.2,Clark (John) Park,"4615 W Jackson Blvd Chicago, IL 60644",Chicago_Park_1026,1896,Ward 28
0.66,Dean Park,"1356 N Dean St Chicago, IL 60622",Chicago_Park_1027,1893,Ward 1
1.26,Micek Park,"5311 S Hamilton Ave Chicago, IL 60609",Chicago_Park_1028,1901,Ward 16
3.24,Donovan Park,"3620 S Lituanica Ave Chicago, IL 60609",Chicago_Park_1029,1881,Ward 11
3.76,Fosco Park,"1313 S Throop St Chicago, IL 60608",Chicago_Park_1030,1873,Ward 25
1.55,Gross Park,"2708 W Lawrence Ave Chicago, IL 60625",Chicago_Park_1031,1906,Ward 40
1.78,Haas Park,"2402 N Washtenaw Ave Chicago, IL 60647",Chicago_Park_1032,1893,Ward 1
0.75,Harding (George) Park,"4912 S Calumet Ave Chicago, IL 60615",Chicago_Park_1033,1861,Ward 3
3.22,Horan Park,"3035 W Van Buren St Chicago, IL 60612",Chicago_Park_1035,1896,Ward 28
2.38,Hoyne Park,"3417 S Hamilton Ave Chicago, IL 60608",Chicago_Park_1036,1871,Ward 12
1.48,Durso Park,"421 W Locust St Chicago, IL 60610",Chicago_Park_1037,1905,Ward 27
3.5,Indian Road Park,"6010 W Matson Ave Chicago, IL 60646",Chicago_Park_1038,1899,Ward 39
1.68,Kedvale Park,"4140 W Hirsch St Chicago, IL 60651",Chicago_Park_1039,1867,Ward 26
1.93,Kells Park,"3201 W Chicago Ave Chicago, IL 60624",Chicago_Park_1040,1905,Ward 27
4.88,Kensington Park,"345 E 118th St Chicago, IL 60628",Chicago_Park_1041,1870,Ward 9
2.94,Ken-Well Park,"2945 N Kenosha Ave Chicago, IL 60641",Chicago_Park_1042,1888,Ward 31
3.31,White (Willye) Park,"7631 N Ashland Ave Chicago, IL 60626",Chicago_Park_1043,1876,Ward 49
4.42,Lowe Park,"5203 S Lowe Ave Chicago, IL 60609",Chicago_Park_1044,1861,Ward 3
1.32,Maplewood Park,"1640 N Maplewood Ave Chicago, IL 60647",Chicago_Park_1045,1893,Ward 1
0.96,Marshfield Park,"1637 W 87th St Chicago, IL 60620",Chicago_Park_1046,1878,Ward 21
2.55,Garibaldi Park,"1520 W Polk St Chicago, IL 60607",Chicago_Park_1047,1896,Ward 28
2.99,Memorial Park,"149 W 73rd St Chicago, IL 60621",Chicago_Park_1048,1902,Ward 6
3.1,Meyering Park,"7140 S Dr Martin Luther King J Chicago, IL 60619",Chicago_Park_1049,1902,Ward 6
3.74,Moore Park,"5085 W Adams St Chicago, IL 60644",Chicago_Park_1050,1896,Ward 28
1.94,Moran Park,"5727 S Racine Ave Chicago, IL 60621",Chicago_Park_1051,1901,Ward 16
5.69,Munroe Park,"2617 W 105th St Chicago, IL 60655",Chicago_Park_1052,1885,Ward 19
3.51,Murray Park,"1743 W 73rd St Chicago, IL 60636",Chicago_Park_1053,1863,Ward 17
2.89,Normandy Park,"6660 W 52nd St Chicago, IL 60638",Chicago_Park_1054,1890,Ward 14
0.96,Little Venice Park,"2251 W 50th Pl Chicago, IL 60609",Chicago_Park_1055,1904,Ward 15
0.79,Park-View Park,"3823 W School St Chicago, IL 60618",Chicago_Park_1056,1895,Ward 30
1,Paschen Park,"1932 W Lunt Ave Chicago, IL 60626",Chicago_Park_1057,1876,Ward 49
0.67,Pietrowski Park,"9650 S Avenue M Chicago, IL 60617",Chicago_Park_1058,1891,Ward 10
2.18,McKiernan Park,"10714 S Sawyer Ave Chicago, IL 60655",Chicago_Park_1060,1885,Ward 19
2.15,Schreiber Park,"1552 W Schreiber Ave Chicago, IL 60626",Chicago_Park_1061,1906,Ward 40
0.74,Kucinski- Murphy Park,"1635 W 33rd Pl Chicago, IL 60608",Chicago_Park_1062,1871,Ward 12
1.07,Back of the Yards Park,"4920 S Throop St Chicago, IL 60609",Chicago_Park_1063,1884,Ward 20
1.14,Tilton Park,"305 N Kostner Chicago, IL 60624",Chicago_Park_1064,1896,Ward 28
3.26,Touhy- Herbert Park,"2106 W Adams St Chicago, IL 60612",Chicago_Park_1065,1905,Ward 27
0.49,Limas Park,"2410 S Trumbull Ave Chicago, IL 60623",Chicago_Park_1066,1880,Ward 22
4.81,Veterans' Memorial Park,"2820 E 98th St Chicago, IL 60617",Chicago_Park_1067,1891,Ward 10
1.07,Wagner Park,"948 W 51st St Chicago, IL 60609",Chicago_Park_1068,1884,Ward 20
1.04,Wallace Park,"607 W 92nd St Chicago, IL 60620",Chicago_Park_1069,1878,Ward 21
1.02,Washtenaw Park,"2521 S Washtenaw Ave Chicago, IL 60608",Chicago_Park_1070,1864,Ward 24
1.55,Wilson (John) Park,"1122 W 34th Pl Chicago, IL 60608",Chicago_Park_1071,1881,Ward 11
4.47,Wolfe Park,"3325 E 108th St Chicago, IL 60617",Chicago_Park_1072,1891,Ward 10
2.46,Woodhull Park,"7340 S East End Ave Chicago, IL 60649",Chicago_Park_1073,1907,Ward 8
4.64,Wrightwood Park,"2534 N Greenview Ave Chicago, IL 60614",Chicago_Park_1074,1887,Ward 32
0.44,Langdon Park,"1754 W Albion Ave Chicago, IL 60626",Chicago_Park_1077,1876,Ward 49
0.24,Andersonville Park,"5233 N Ashland Ave Chicago, IL 60640",Chicago_Park_1078,1906,Ward 40
0.18,Krause Park,"10558 S Avenue L Chicago, IL 60617",Chicago_Park_1079,1891,Ward 10
0.46,Wesolek Park,"13407 S Avenue M Chicago, IL 60633",Chicago_Park_1080,1891,Ward 10
1.03,Bixler Park,"5641 S Kenwood Ave Chicago, IL 60637",Chicago_Park_1083,1866,Ward 5
0.45,Buena Circle Park,"1049  W Buena Chicago, IL 60613",Chicago_Park_1084,1860,Ward 46
0.16,Carmen Park,"1224 W Carmen Ave Chicago, IL 60640",Chicago_Park_1085,1874,Ward 47
0.28,Carpenter Park,"6155 S Carpenter St Chicago, IL 60621",Chicago_Park_1086,1901,Ward 16
0.24,Central Park,"721 N Central Park Ave Chicago, IL 60624",Chicago_Park_1087,1905,Ward 27
0.16,Christiana Park,"1533 S Christiana Ave Chicago, IL 60623",Chicago_Park_1089,1864,Ward 24
0.28,Korczak Park,"6156 N Claremont Ave Chicago, IL 60659",Chicago_Park_1090,1906,Ward 40
0.49,Clybourn Park,"1755 N Clybourn Ave Chicago, IL 60614",Chicago_Park_1091,1894,Ward 2
0.29,Davis (Margaret) Park,"5427 W Division St Chicago, IL 60651",Chicago_Park_1092,1900,Ward 37
0.37,DeGeorge Park,"4905 W Wabansia Ave Chicago, IL 60639",Chicago_Park_1093,1900,Ward 37
0.34,Dobson Park,"7521 S Dobson Ave Chicago, IL 60619",Chicago_Park_1094,1907,Ward 8
0.52,Elston Park,"3461 N Troy St Chicago, IL 60618",Chicago_Park_1097,1858,Ward 33
0.24,Emerald Park,"5600 S Emerald Ave Chicago, IL 60621",Chicago_Park_1098,1884,Ward 20
0.79,Fellger Park,"2012 W Belmont Ave Chicago, IL 60618",Chicago_Park_1100,1887,Ward 32
0.42,Gladys Park,"3307 W Gladys Ave Chicago, IL 60624",Chicago_Park_1102,1896,Ward 28
0.39,Grand Park,"3531 W Grand Ave Chicago, IL 60651",Chicago_Park_1103,1905,Ward 27
0.44,Harding (Frederick) Park,"3921 W Division St Chicago, IL 60651",Chicago_Park_1106,1900,Ward 37
0.22,Zatterberg Park,"4246 N Hermitage Ave Chicago, IL 60613",Chicago_Park_1107,1874,Ward 47
0.2,Homan Park,"2148 S Homan Ave Chicago, IL 60623",Chicago_Park_1108,1864,Ward 24
0.62,Hubbard Park,"4950 W Hubbard St Chicago, IL 60644",Chicago_Park_1109,1900,Ward 37
0.72,Hansberry Park,"5635 S Indiana Ave Chicago, IL 60637",Chicago_Park_1111,1884,Ward 20
0.27,Jackson (Robert) Park,"4319 S Indiana Ave Chicago, IL 60653",Chicago_Park_1112,1861,Ward 3
1.98,Jefferson (Thomas) Park,"1630 S Jefferson St Chicago, IL 60616",Chicago_Park_1113,NA,NA
0.07,Keeler Park,"1243 S Keeler Ave Chicago, IL 60623",Chicago_Park_1114,1864,Ward 24
0.16,Kenmore Park,"3141 N Kenmore Ave Chicago, IL 60657",Chicago_Park_1115,1868,Ward 44
0.26,Keystone Park,"1655 N Keystone Ave Chicago, IL 60639",Chicago_Park_1116,1867,Ward 26
1.19,Langley Park,"700 E 113th St Chicago, IL 60628",Chicago_Park_1118,1870,Ward 9
0.9,Thuis Park,"4800 N Lavergne Ave Chicago, IL 60630",Chicago_Park_1119,1886,Ward 45
0.18,London Park,"3432 W 18th St Chicago, IL 60623",Chicago_Park_1120,1864,Ward 24
0.42,Humbert Park,"632 W 31st St Chicago, IL 60616",Chicago_Park_1121,1881,Ward 11
1.38,Luella Park,"10021 S Luella Ave Chicago, IL 60617",Chicago_Park_1122,1883,Ward 7
0.2,Lunt Park,"2239 W Lunt Ave Chicago, IL 60645",Chicago_Park_1123,1889,Ward 50
0.21,Merryman Park,"3736 N Marshfield Ave Chicago, IL 60613",Chicago_Park_1124,1874,Ward 47
3.16,Merrill Park,"2131 E 96th St Chicago, IL 60617",Chicago_Park_1126,1883,Ward 7
0.16,Millard Park,"1331 S Millard Ave Chicago, IL 60623",Chicago_Park_1127,1864,Ward 24
0.13,Miller Park,"848 S Miller St Chicago, IL 60607",Chicago_Park_1128,1873,Ward 25
0.38,Montgomery Park,"2632 W 66th St Chicago, IL 60629",Chicago_Park_1129,1863,Ward 17
0.41,Monticello Park,"1814 N Monticello Ave Chicago, IL 60647",Chicago_Park_1130,1893,Ward 1
3.22,Morgan Field Park,"11710 S Morgan St Chicago, IL 60643",Chicago_Park_1132,1859,Ward 34
0.15,Nelson Park,"2953 W Nelson St Chicago, IL 60618",Chicago_Park_1133,1858,Ward 33
0.4,Weisman Park,"901 W Oakdale Ave Chicago, IL 60657",Chicago_Park_1135,1868,Ward 44
0.48,Oakley Park,"6441 S Oakley Ave Chicago, IL 60636",Chicago_Park_1137,1901,Ward 16
0.56,Ohio & Harding Park,"607 N Harding Ave Chicago, IL 60624",Chicago_Park_1138,1900,Ward 37
0.48,Ohio Park,"4712 W Ohio St Chicago, IL 60644",Chicago_Park_1139,1896,Ward 28
0.15,Brynford Park,"5640 N Pulaski Rd Chicago, IL 60646",Chicago_Park_1141,1899,Ward 39
0.42,Supera Park,"2528 N Racine Ave Chicago, IL 60614",Chicago_Park_1143,1898,Ward 43
0.17,Wendt Park,"667 W Roscoe St Chicago, IL 60657",Chicago_Park_1145,1868,Ward 44
0.93,Sacramento Park,"3520 N Sacramento Ave Chicago, IL 60618",Chicago_Park_1147,1858,Ward 33
0.25,Schaefer Park,"2415 N Marshfield Ave Chicago, IL 60614",Chicago_Park_1148,1887,Ward 32
0.45,Saint Louis Park,"347 N St Louis Ave Chicago, IL 60624",Chicago_Park_1149,1896,Ward 28
0.34,Superior Park,"2101 W Superior St Chicago, IL 60612",Chicago_Park_1150,1893,Ward 1
0.22,Summerdale Park,"7262 W Summerdale Ave Chicago, IL 60656",Chicago_Park_1151,1865,Ward 41
0.66,Till-Mobley Park,"6410 S Ellis Ave Chicago, IL 60637",Chicago_Park_1154,1884,Ward 20
0.2,Sintic Park,"2835 S Wallace St Chicago, IL 60616",Chicago_Park_1155,1881,Ward 11
0.72,Throop Park,"1811 S Throop St Chicago, IL 60608",Chicago_Park_1159,1873,Ward 25
0.16,Algonquin Park,"2941 N Washtenaw Ave Chicago, IL 60618",Chicago_Park_1161,1858,Ward 33
0.49,McKeon Park,"600 W 36th St Chicago, IL 60609",Chicago_Park_1162,1881,Ward 11
0.98,Mason Park,"4100 W West End Ave Chicago, IL 60624",Chicago_Park_1164,1896,Ward 28
0.28,Western Park,"907 N Western Ave Chicago, IL 60622",Chicago_Park_1165,1893,Ward 1
0.21,Park West,"745 W Wrightwood Ave Chicago, IL 60614",Chicago_Park_1168,1898,Ward 43
1.01,Adams (John) Park,"7535 S Dobson Ave Chicago, IL 60619",Chicago_Park_1199,1907,Ward 8
0.33,Connors Park,"871 N Wabash Ave Chicago, IL 60611",Chicago_Park_1200,1879,Ward 42
1.22,Arcade Park,"11144 S St Lawrence Ave Chicago, IL 60628",Chicago_Park_1201,1870,Ward 9
5.36,Auburn Park,"406 W Winneconna Pkwy Chicago, IL 60620",Chicago_Park_1203,1863,Ward 17
4.67,Austin Park,"5951 W Lake St Chicago, IL 60644",Chicago_Park_1204,1897,Ward 29
2.38,Barnard Park,"10441 S Longwood Dr Chicago, IL 60643",Chicago_Park_1205,1885,Ward 19
0.14,Mid-North Park,"401 W Belden Ave Chicago, IL 60614",Chicago_Park_1206,1898,Ward 43
0.72,Bickerdike Square Park,"1438 W Ohio St Chicago, IL 60622",Chicago_Park_1207,1893,Ward 1
0.2,Chamberlain Triangle Park,"4233 S Greenwood Ave Chicago, IL 60653",Chicago_Park_1209,1882,Ward 4
6.72,Dixon Park,"8931 S Dauphin Ave Chicago, IL 60619",Chicago_Park_1210,1907,Ward 8
1.22,Dickinson Park,"4117 N Lavergne Ave Chicago, IL 60641",Chicago_Park_1211,1886,Ward 45
1.35,Green Park,"6500 N Algonquin Ave Chicago, IL 60646",Chicago_Park_1212,1865,Ward 41
9.86,Ellis Park,"600 E 37th St Chicago, IL 60653",Chicago_Park_1213,1882,Ward 4
0.06,Eugenie Triangle Park,"1707 N La Salle St Chicago, IL 60614",Chicago_Park_1214,1898,Ward 43
9.29,Fernwood Pkwy Park,"9501 S Eggleston Ave Chicago, IL 60628",Chicago_Park_1215,NA,NA
0.57,Hodes Park,"1607 E 73rd St Chicago, IL 60649",Chicago_Park_1216,1907,Ward 8
0.96,Kinzie Pkwy Park,"5200 W Kinzie St Chicago, IL 60644",Chicago_Park_1217,1900,Ward 37
2.82,Lily Gardens Park,"632 W 71st St Chicago, IL 60621",Chicago_Park_1218,1902,Ward 6
0.28,Mellin Park,"1600 W Bryn Mawr Ave Chicago, IL 60640",Chicago_Park_1219,1906,Ward 40
7.04,Levin Park,"462 N Pine Ave Chicago, IL 60644",Chicago_Park_1220,1900,Ward 37
0.07,Mulberry Point Park,"5873 N Nina Ave Chicago, IL 60631",Chicago_Park_1222,1865,Ward 41
1.72,Myrtle Grove Park,"6113 N Neva Ave Chicago, IL 60631",Chicago_Park_1223,1865,Ward 41
5.78,Addams (Jane) Memorial Park,"485 E Ohio St Chicago, IL 60611",Chicago_Park_1224,1879,Ward 42
3.12,Harris (Ryan) Memorial Park,"6701 S Lowe Ave Chicago, IL 60621",Chicago_Park_1225,NA,NA
2.6,Norwood Circle Park,"7117 W Peterson Ave Chicago, IL 60631",Chicago_Park_1226,1865,Ward 41
1.01,Pullman Park,"11113 S Cottage Grove Ave Chicago, IL 60628",Chicago_Park_1237,1870,Ward 9
1.27,Centennial Park,"6086 N Northwest Hwy Chicago, IL 60631",Chicago_Park_1238,1865,Ward 41
0.18,Mariano Park,"1031 N Rush St Chicago, IL 60611",Chicago_Park_1239,1879,Ward 42
1.01,Seneca Park,"228 E Chicago Ave Chicago, IL 60611",Chicago_Park_1242,1894,Ward 2
2.84,Washington Square Park,"901 N Clark St Chicago, IL 60610",Chicago_Park_1244,1894,Ward 2
2.24,Hartigan Beach Park,"1040 W Albion Ave Chicago, IL 60626",Chicago_Park_1248,1876,Ward 49
0.95,Doria Beach Park,"1040 W Columbia Ave Chicago, IL 60626",Chicago_Park_1251,1876,Ward 49
0.61,Fargo Beach Park,"1300 W Fargo Ave Chicago, IL 60626",Chicago_Park_1253,1876,Ward 49
3.5,Berger Park,"6227 N Sheridan Rd Chicago, IL 60660",Chicago_Park_1255,1872,Ward 48
1.06,Howard Beach Park,"1300 W Howard St Chicago, IL 60626",Chicago_Park_1256,1876,Ward 49
1.05,Griffin Park,"1234 W Jarvis Ave Chicago, IL 60626",Chicago_Park_1257,1876,Ward 49
1.02,Juneway Beach Park,"7751 N Eastlake Ter Chicago, IL 60626",Chicago_Park_1258,1876,Ward 49
0.66,North Shore Beach Park,"1040 W North Shore Ave Chicago, IL 60626",Chicago_Park_1260,1876,Ward 49
2.31,Prinz Beach Park,"1050 W Pratt Blvd Chicago, IL 60626",Chicago_Park_1261,1876,Ward 49
2.37,Rogers Beach Park,"7705 N Eastlake Terrace Chicago, IL 60626",Chicago_Park_1262,1876,Ward 49
2.9,Lane Beach Park,"1000 W Thorndale Ave Chicago, IL 60660",Chicago_Park_1265,1872,Ward 48
1.74,Lyle Park,"7700 S Wallace St Chicago, IL 60620",Chicago_Park_1267,NA,NA
72.5,Midway Plaisance Park,"5950 S Woodlawn Ave Chicago, IL 60637",Chicago_Park_1268,1866,Ward 5
3.27,Jonquil Park,"1023 W Wrightwood Ave Chicago, IL 60614",Chicago_Park_1270,1898,Ward 43
0.41,Butternut Park,"5324 S Woodlawn Ave Chicago, IL 60615",Chicago_Park_1272,1866,Ward 5
0.81,Sumac Park,"4201 S Champlain Ave Chicago, IL 60653",Chicago_Park_1273,1882,Ward 4
0.64,Sycamore Park,"5109 S Greenwood Ave Chicago, IL 60615",Chicago_Park_1274,1882,Ward 4
0.5,Chestnut Park,"7005 S Dante Ave Chicago, IL 60637",Chicago_Park_1275,1866,Ward 5
0.15,Evergreen Park,"631 W Belmont Ave Chicago, IL 60657",Chicago_Park_1276,1868,Ward 44
0.41,Clover Park,"2210 N Southport Ave Chicago, IL 60614",Chicago_Park_1277,1894,Ward 2
0.53,Ruiz Park,"3801 W 45th St Chicago, IL 60632",Chicago_Park_1278,1890,Ward 14
0.38,Cedar Park,"5315 N Winthrop Ave Chicago, IL 60640",Chicago_Park_1279,1872,Ward 48
0.4,Aiello Park,"2133 N Mcvicker Ave Chicago, IL 60639",Chicago_Park_1280,1892,Ward 36
0.12,Filbert Park,"1822 W Larchmont Ave Chicago, IL 60613",Chicago_Park_1281,1874,Ward 47
0.17,Maple Park,"2047 N Spaulding Ave Chicago, IL 60647",Chicago_Park_1283,1867,Ward 26
0.68,Mulberry Park,"3150 S Robinson Ct Chicago, IL 60608",Chicago_Park_1284,1871,Ward 12
0.34,Lee Park,"3700 W 87th St Chicago, IL 60652",Chicago_Park_1286,1875,Ward 18
0.36,Pine Park,"9507 S Oglesby Ave Chicago, IL 60617",Chicago_Park_1287,1891,Ward 10
0.39,Jacolik Park,"2731 S Eleanor St Chicago, IL 60608",Chicago_Park_1288,1881,Ward 11
143.35,Park 565,"11600 S Torrence Ave Chicago, IL 60617",Chicago_Park_565,1891,Ward 10
16.76,Park 572,"1601-3701 W Bloomingdale Ave Chicago, IL 60647",Chicago_Park_572,NA,NA
1,Park 582,"9202-35 S Vanderpoel Ave Chicago, IL 60643",Chicago_Park_582,1885,Ward 19
0.24,Park 583,"10108 S Exchange Ave Chicago, IL 60617",Chicago_Park_583,1891,Ward 10
0.09,Park 585,"6049 S Whipple St Chicago, IL 60629",Chicago_Park_585,1901,Ward 16
0.07,Park 586,"7208 S Maplewood Ave Chicago, IL 60629",Chicago_Park_586,1875,Ward 18
0.11,Park 587,"658 E 95th St Chicago, IL 60619",Chicago_Park_587,1870,Ward 9
0.36511340773,Park 584,"134 W 119th St Chicago, IL 60628",Chicago_Park_584,1859,Ward 34
0.23,Park 588,"10440-44 S Corliss Ave Chicago, IL 60628",Chicago_Park_588,1870,Ward 9
13.7,Park 595,"247 W 128th St Chicago, IL 60628",Chicago_Park_595,1870,Ward 9
0.07,Park 594,"3159 S Halsted St Chicago, IL 60608",Chicago_Park_594,1881,Ward 11
0.27,Park 589,"227 W 110th Pl Chicago, IL 60628",Chicago_Park_589,1859,Ward 34
0.28,Park 590,"3938-40 S Indiana Ave Chicago, IL 60653",Chicago_Park_590,1861,Ward 3
0.37,Park 592,"4149-53 S Vincennes Ave Chicago, IL 60653",Chicago_Park_592,1882,Ward 4
0.28,Park 593,"4546 N Kedvale Ave Chicago, IL 60630",Chicago_Park_593,1899,Ward 39
0.28,Park 591,"3906 S Lake Park Ave Chicago, IL 60653",Chicago_Park_591,1882,Ward 4
17.6,Park 596,"4826-40 S Western Ave Chicago, IL 60632",Chicago_Park_596,1890,Ward 14
12,Park 597,"12500 S Torrence Ave Chicago, IL 60633",Chicago_Park_597,1891,Ward 10
3.89,Park 598,"1514 N Larrabee St Chicago, IL 60610",Chicago_Park_598,1905,Ward 27
